BootcampName,Attendee Count,Rec Count,Percent Rec
Coder Foundry,1,1,100.0
Betamore,1,1,100.0
Fullstack Academy,6,6,100.0
codeU,1,1,100.0
The Data Incubator,1,1,100.0
Le Wagon,1,1,100.0
AngelHack Education,1,1,100.0
Operation Spark,1,1,100.0
Code 42,1,1,100.0
Origin Code Academy,1,1,100.0
Code Union,1,1,100.0
DESIGNATION,1,1,100.0
Base10 Academy,1,1,100.0
Academia de CÃ³digo,4,4,100.0
devCodeCamp,4,4,100.0
Austin Coding Academy,1,1,100.0
AcadGild,2,2,100.0
Code Platoon,2,2,100.0
CODEcamp Charleston,2,2,100.0
Codecademy Labs,2,2,100.0
EHD Academy,2,2,100.0
DigitalCrafts,2,2,100.0
Big Nerd Ranch,2,2,100.0
BoiseCodeWorks,2,2,100.0
Coder Factory,2,2,100.0
We Got Coders,2,2,100.0
LEARN Academy,3,3,100.0
Omaha Code School,2,2,100.0
Grand Circus,3,3,100.0
Dev League,3,3,100.0
Telegraph Academy,2,2,100.0
Eleven Fifty Academy,2,2,100.0
CodeCraft School,1,1,100.0
Microsoft Research Data Science Summer School,1,1,100.0
Science to Data Science,1,1,100.0
Byte Academy,1,1,100.0
Ruby On The Beach,1,1,100.0
Launch School (formerly Tealeaf Academy),1,1,100.0
CodeMasters Academy,1,1,100.0
Stackademy,1,1,100.0
Founders & Coders,1,1,100.0
Code Institute,1,1,100.0
Dev Academy,13,13,100.0
SeedPaths,1,1,100.0
Makers Academy,12,12,100.0
Coder's Lab,1,1,100.0
Grace Hopper Academy,3,3,100.0
Viking Code School,10,10,100.0
Claim Academy,1,1,100.0
CodeaCamp,8,8,100.0
Ladies Learning Code,1,1,100.0
Turing,27,26,96.29629629629629
"Free Code Camp is not a bootcamp - please scroll up and change answer to ""no""",15,14,93.33333333333333
Hack Reactor,29,27,93.10344827586206
Flatiron School,54,50,92.5925925925926
App Academy,22,20,90.9090909090909
MakerSquare,20,18,90.0
Ada,9,8,88.88888888888889
Hackbright Academy,22,19,86.36363636363636
Dev Bootcamp,48,41,85.41666666666666
Thinkful,6,5,83.33333333333334
Prime Digital Academy,30,25,83.33333333333334
The Firehose Project,16,13,81.25
Launch Academy,10,8,80.0
CareerFoundry,5,4,80.0
Software Guild,10,8,80.0
Nashville Software School,5,4,80.0
DevMountain,10,8,80.0
Epicodus,14,11,78.57142857142857
General Assembly,90,70,77.77777777777779
The Iron Yard,40,31,77.5
Sabio.la,4,3,75.0
Rutgers Coding Bootcamp,4,3,75.0
Lighthouse Labs,4,3,75.0
LAMP Camp,4,3,75.0
Skillcrush,4,3,75.0
Anyone Can Learn To Code,7,5,71.42857142857143
Code Fellows,21,15,71.42857142857143
CodeNinja,7,5,71.42857142857143
IronHack,7,5,71.42857142857143
New York Code + Design Academy,20,14,70.0
BrainStation,3,2,66.66666666666666
Tech Talent South,12,8,66.66666666666666
Learn.Modern-Developer,3,2,66.66666666666666
Tech Academy Portland,3,2,66.66666666666666
Orange County Code School,3,2,66.66666666666666
Coding Dojo,18,11,61.111111111111114
Codeup,10,6,60.0
CodeCore Bootcamp,5,3,60.0
10x.org.il,5,3,60.0
Bitmaker Labs,5,3,60.0
Startup Institute,7,4,57.14285714285714
Galvanize,20,11,55.00000000000001
Coder Camps,11,6,54.54545454545454
Bloc.io,21,11,52.38095238095239
4Geeks Academy,8,4,50.0
Wyncode,6,3,50.0
Mobile Makers Academy,2,1,50.0
RefactorU,4,2,50.0
PDX Code Guild,2,1,50.0
Bit Bootcamp,4,2,50.0
Devschool,4,2,50.0
Codesmith,4,2,50.0
Camp Code Away,4,2,50.0
HackerYou,2,1,50.0
Digital House,2,1,50.0
Metis,2,1,50.0
LearningFuze,2,1,50.0
Fire Bootcamp,2,1,50.0
V School,3,1,33.33333333333333
Zip Code Wilmington,3,1,33.33333333333333
Starter League,3,1,33.33333333333333
tradecraft,3,1,33.33333333333333
Coding House,3,1,33.33333333333333
We Can Code IT,3,1,33.33333333333333
Codify Academy,4,1,25.0
